NMS Number Block: Number Block,Block Status,CP Name,Non Geo Number Length,Allocation Date,Notes
5511 00,Allocated,Pulsant (Scotland) Limited,10 digit numbers,17/02/2009,
5511 01,Allocated,Voiceflex Limited,10 digit numbers,20/09/2007,
5511 02,Protected,,10 digit numbers,,
5511 03,Protected,,10 digit numbers,,
5511 04,Protected,,10 digit numbers,,
5511 05,Protected,,10 digit numbers,,
5511 06,Protected,,10 digit numbers,,
5511 07,Allocated,24 Seven Communications Limited,10 digit numbers,12/09/2011,
5511 08,Protected,,10 digit numbers,,
5511 09,Protected,,10 digit numbers,,
5511 10,Allocated,CFL Communications Ltd,10 digit numbers,07/04/2014,
5511 11,Protected,,10 digit numbers,,
5511 12,Protected,,10 digit numbers,,
5511 13,Protected,,10 digit numbers,,
5511 14,Protected,,10 digit numbers,,
5511 15,Protected,,10 digit numbers,,
5511 16,Protected,,10 digit numbers,,
5511 17,Protected,,10 digit numbers,,
5511 18,Protected,,10 digit numbers,,
5511 19,Protected,,10 digit numbers,,
5511 20,Protected,,10 digit numbers,,
5511 21,Protected,,10 digit numbers,,
5511 22,Protected,,10 digit numbers,,
5511 23,Protected,,10 digit numbers,,
5511 24,Protected,,10 digit numbers,,
5511 25,Protected,,10 digit numbers,,
5511 26,Protected,,10 digit numbers,,
5511 27,Protected,,10 digit numbers,,
5511 28,Protected,,10 digit numbers,,
5511 29,Protected,,10 digit numbers,,
5511 30,Protected,,10 digit numbers,,
5511 31,Protected,,10 digit numbers,,
5511 32,Protected,,10 digit numbers,,
5511 33,Protected,,10 digit numbers,,
5511 34,Protected,,10 digit numbers,,
5511 35,Protected,,10 digit numbers,,
5511 36,Protected,,10 digit numbers,,
5511 37,Protected,,10 digit numbers,,
5511 38,Protected,,10 digit numbers,,
5511 39,Protected,,10 digit numbers,,
5511 40,Allocated,BT,10 digit numbers,25/03/2004,
5511 41,Protected,,10 digit numbers,,
5511 42,Protected,,10 digit numbers,,
5511 43,Allocated,BT,10 digit numbers,30/05/2001,
5511 44,Allocated,BT,10 digit numbers,29/11/2000,
5511 45,Allocated,BT,10 digit numbers,25/03/2004,
5511 46,Allocated,BT,10 digit numbers,25/03/2004,
5511 47,Allocated,BT,10 digit numbers,25/03/2004,
5511 48,Allocated,BT,10 digit numbers,25/03/2004,
5511 49,Allocated,BT,10 digit numbers,25/03/2004,
5511 50,Protected,,10 digit numbers,,
5511 51,Protected,,10 digit numbers,,
5511 52,Protected,,10 digit numbers,,
5511 53,Protected,,10 digit numbers,,
5511 54,Protected,,10 digit numbers,,
5511 55,Protected,,10 digit numbers,,
5511 56,Protected,,10 digit numbers,,
5511 57,Protected,,10 digit numbers,,
5511 58,Protected,,10 digit numbers,,
5511 59,Protected,,10 digit numbers,,
5511 60,Protected,,10 digit numbers,,
5511 61,Protected,,10 digit numbers,,
5511 62,Protected,,10 digit numbers,,
5511 63,Protected,,10 digit numbers,,
5511 64,Protected,,10 digit numbers,,
5511 65,Protected,,10 digit numbers,,
5511 66,Protected,,10 digit numbers,,
5511 67,Protected,,10 digit numbers,,
5511 68,Protected,,10 digit numbers,,
5511 69,Protected,,10 digit numbers,,
5511 70,Protected,,10 digit numbers,,
5511 71,Protected,,10 digit numbers,,
5511 72,Protected,,10 digit numbers,,
5511 73,Protected,,10 digit numbers,,
5511 74,Protected,,10 digit numbers,,
5511 75,Protected,,10 digit numbers,,
5511 76,Protected,,10 digit numbers,,
5511 77,Protected,,10 digit numbers,,
5511 78,Protected,,10 digit numbers,,
5511 79,Protected,,10 digit numbers,,
5511 80,Protected,,10 digit numbers,,
5511 81,Protected,,10 digit numbers,,
5511 82,Protected,,10 digit numbers,,
5511 83,Protected,,10 digit numbers,,
5511 84,Protected,,10 digit numbers,,
5511 85,Protected,,10 digit numbers,,
5511 86,Protected,,10 digit numbers,,
5511 87,Protected,,10 digit numbers,,
5511 88,Protected,,10 digit numbers,,
5511 89,Protected,,10 digit numbers,,
5511 90,Protected,,10 digit numbers,,
5511 91,Protected,,10 digit numbers,,
5511 92,Protected,,10 digit numbers,,
5511 93,Protected,,10 digit numbers,,
5511 94,Protected,,10 digit numbers,,
5511 95,Protected,,10 digit numbers,,
5511 96,Protected,,10 digit numbers,,
5511 97,Protected,,10 digit numbers,,
5511 98,Protected,,10 digit numbers,,
5511 99,Protected,,10 digit numbers,,
5516 00,Protected,,10 digit numbers,,
5516 01,Protected,,10 digit numbers,,
5516 02,Protected,,10 digit numbers,,
5516 03,Protected,,10 digit numbers,,
5516 04,Protected,,10 digit numbers,,
5516 05,Protected,,10 digit numbers,,
5516 06,Protected,,10 digit numbers,,
5516 07,Protected,,10 digit numbers,,
5516 08,Protected,,10 digit numbers,,
5516 09,Protected,,10 digit numbers,,
5516 10,Protected,,10 digit numbers,,
5516 11,Protected,,10 digit numbers,,
5516 12,Protected,,10 digit numbers,,
5516 13,Protected,,10 digit numbers,,
5516 14,Protected,,10 digit numbers,,
5516 15,Protected,,10 digit numbers,,
5516 16,Protected,,10 digit numbers,,
5516 17,Protected,,10 digit numbers,,
5516 18,Protected,,10 digit numbers,,
5516 19,Protected,,10 digit numbers,,
5516 20,Protected,,10 digit numbers,,
5516 21,Protected,,10 digit numbers,,
5516 22,Protected,,10 digit numbers,,
5516 23,Protected,,10 digit numbers,,
5516 24,Protected,,10 digit numbers,,
5516 25,Protected,,10 digit numbers,,
5516 26,Protected,,10 digit numbers,,
5516 27,Protected,,10 digit numbers,,
5516 28,Protected,,10 digit numbers,,
5516 29,Protected,,10 digit numbers,,
5516 30,Protected,,10 digit numbers,,
5516 31,Protected,,10 digit numbers,,
5516 32,Protected,,10 digit numbers,,
5516 33,Protected,,10 digit numbers,,
5516 34,Protected,,10 digit numbers,,
5516 35,Protected,,10 digit numbers,,
5516 36,Protected,,10 digit numbers,,
5516 37,Protected,,10 digit numbers,,
5516 38,Protected,,10 digit numbers,,
5516 39,Protected,,10 digit numbers,,
5516 40,Protected,,10 digit numbers,,
5516 41,Protected,,10 digit numbers,,
5516 42,Protected,,10 digit numbers,,
5516 43,Protected,,10 digit numbers,,
5516 44,Protected,,10 digit numbers,,
5516 45,Protected,,10 digit numbers,,
5516 46,Protected,,10 digit numbers,,
5516 47,Protected,,10 digit numbers,,
5516 48,Protected,,10 digit numbers,,
5516 49,Protected,,10 digit numbers,,
5516 50,Allocated,BT,10 digit numbers,12/02/2002,
5516 51,Allocated,BT,10 digit numbers,08/08/2007,
5516 52,Protected,,10 digit numbers,,
5516 53,Protected,,10 digit numbers,,
5516 54,Allocated,BT,10 digit numbers,11/01/2011,
5516 55,Allocated,BT,10 digit numbers,12/02/2002,
5516 56,Protected,,10 digit numbers,,
5516 57,Allocated,BT,10 digit numbers,11/01/2011,
5516 58,Allocated,BT,10 digit numbers,11/01/2011,
5516 59,Protected,,10 digit numbers,,
5516 60,Allocated,BT,10 digit numbers,12/02/2002,
5516 61,Protected,,10 digit numbers,,
5516 62,Protected,,10 digit numbers,,
5516 63,Allocated,BT,10 digit numbers,18/04/2008,
5516 64,Allocated,BT,10 digit numbers,08/08/2007,
5516 65,Allocated,BT,10 digit numbers,12/02/2002,
5516 66,Protected,,10 digit numbers,,
5516 67,Protected,,10 digit numbers,,
5516 68,Protected,,10 digit numbers,,
5516 69,Protected,,10 digit numbers,,
5516 70,Protected,,10 digit numbers,,
5516 71,Protected,,10 digit numbers,,
5516 72,Protected,,10 digit numbers,,
5516 73,Protected,,10 digit numbers,,
5516 74,Protected,,10 digit numbers,,
5516 75,Protected,,10 digit numbers,,
5516 76,Protected,,10 digit numbers,,
5516 77,Protected,,10 digit numbers,,
5516 78,Protected,,10 digit numbers,,
5516 79,Protected,,10 digit numbers,,
5516 80,Protected,,10 digit numbers,,
5516 81,Protected,,10 digit numbers,,
5516 82,Protected,,10 digit numbers,,
5516 83,Protected,,10 digit numbers,,
5516 84,Protected,,10 digit numbers,,
5516 85,Protected,,10 digit numbers,,
5516 86,Protected,,10 digit numbers,,
5516 87,Protected,,10 digit numbers,,
5516 88,Protected,,10 digit numbers,,
5516 89,Protected,,10 digit numbers,,
5516 90,Protected,,10 digit numbers,,
5516 91,Protected,,10 digit numbers,,
5516 92,Protected,,10 digit numbers,,
5516 93,Protected,,10 digit numbers,,
5516 94,Protected,,10 digit numbers,,
5516 95,Protected,,10 digit numbers,,
5516 96,Protected,,10 digit numbers,,
5516 97,Protected,,10 digit numbers,,
5516 98,Protected,,10 digit numbers,,
5516 99,Protected,,10 digit numbers,,
5555 00,Allocated,FleXtel Limited,10 digit numbers,25/10/2004,
5555 01,Protected,,10 digit numbers,,
5555 02,Protected,,10 digit numbers,,
5555 03,Protected,,10 digit numbers,,
5555 04,Protected,,10 digit numbers,,
5555 05,Allocated,CFL Communications Ltd,10 digit numbers,07/04/2014,
5555 06,Protected,,10 digit numbers,,
5555 07,Protected,,10 digit numbers,,
5555 08,Protected,,10 digit numbers,,
5555 09,Protected,,10 digit numbers,,
5555 10,Allocated,FleXtel Limited,10 digit numbers,25/10/2004,
5555 11,Protected,,10 digit numbers,,
5555 12,Protected,,10 digit numbers,,
5555 13,Protected,,10 digit numbers,,
5555 14,Protected,,10 digit numbers,,
5555 15,Protected,,10 digit numbers,,
5555 16,Protected,,10 digit numbers,,
5555 17,Protected,,10 digit numbers,,
5555 18,Protected,,10 digit numbers,,
5555 19,Protected,,10 digit numbers,,
5555 20,Protected,,10 digit numbers,,
5555 21,Protected,,10 digit numbers,,
5555 22,Protected,,10 digit numbers,,
5555 23,Protected,,10 digit numbers,,
5555 24,Protected,,10 digit numbers,,
5555 25,Protected,,10 digit numbers,,
5555 26,Protected,,10 digit numbers,,
5555 27,Protected,,10 digit numbers,,
5555 28,Protected,,10 digit numbers,,
5555 29,Protected,,10 digit numbers,,
5555 30,Protected,,10 digit numbers,,
5555 31,Protected,,10 digit numbers,,
5555 32,Protected,,10 digit numbers,,
5555 33,Protected,,10 digit numbers,,
5555 34,Protected,,10 digit numbers,,
5555 35,Protected,,10 digit numbers,,
5555 36,Protected,,10 digit numbers,,
5555 37,Allocated,24 Seven Communications Limited,10 digit numbers,07/07/2010,
5555 38,Protected,,10 digit numbers,,
5555 39,Protected,,10 digit numbers,,
5555 40,Allocated,Andrews & Arnold Ltd,10 digit numbers,10/10/2006,
5555 41,Protected,,10 digit numbers,,
5555 42,Protected,,10 digit numbers,,
5555 43,Protected,,10 digit numbers,,
5555 44,Protected,,10 digit numbers,,
5555 45,Protected,,10 digit numbers,,
5555 46,Protected,,10 digit numbers,,
5555 47,Protected,,10 digit numbers,,
5555 48,Protected,,10 digit numbers,,
5555 49,Protected,,10 digit numbers,,
5555 50,Allocated,Nationwide Telephone Assistance Ltd,10 digit numbers,12/09/2006,
5555 51,Protected,,10 digit numbers,,
5555 52,Protected,,10 digit numbers,,
5555 53,Protected,,10 digit numbers,,
5555 54,Protected,,10 digit numbers,,
5555 55,Allocated,FleXtel Limited,10 digit numbers,27/07/2004,
5555 56,Allocated,Spacetel UK Ltd,10 digit numbers,29/09/2011,
5555 57,Protected,,10 digit numbers,,
5555 58,Protected,,10 digit numbers,,
5555 59,Protected,,10 digit numbers,,
5555 60,Protected,,10 digit numbers,,
5555 61,Protected,,10 digit numbers,,
5555 62,Protected,,10 digit numbers,,
5555 63,Protected,,10 digit numbers,,
5555 64,Protected,,10 digit numbers,,
5555 65,Protected,,10 digit numbers,,
5555 66,Quarantined,,10 digit numbers,,
5555 67,Protected,,10 digit numbers,,
5555 68,Protected,,10 digit numbers,,
5555 69,Protected,,10 digit numbers,,
5555 70,Reserved,Network Rail Infrastructure Limited,10 digit numbers,,
5555 71,Reserved,Network Rail Infrastructure Limited,10 digit numbers,,
5555 72,Reserved,Network Rail Infrastructure Limited,10 digit numbers,,
5555 73,Reserved,Network Rail Infrastructure Limited,10 digit numbers,,
5555 74,Reserved,Network Rail Infrastructure Limited,10 digit numbers,,
5555 75,Reserved,Network Rail Infrastructure Limited,10 digit numbers,,
5555 76,Reserved,Network Rail Infrastructure Limited,10 digit numbers,,
5555 77,Reserved,Network Rail Infrastructure Limited,10 digit numbers,,
5555 78,Reserved,Network Rail Infrastructure Limited,10 digit numbers,,
5555 79,Reserved,Network Rail Infrastructure Limited,10 digit numbers,,
5555 80,Reserved,Network Rail Infrastructure Limited,10 digit numbers,,
5555 81,Reserved,Network Rail Infrastructure Limited,10 digit numbers,,
5555 82,Reserved,Network Rail Infrastructure Limited,10 digit numbers,,
5555 83,Reserved,Network Rail Infrastructure Limited,10 digit numbers,,
5555 84,Allocated,Network Rail Infrastructure Limited,10 digit numbers,13/01/2005,
5555 85,Reserved,Network Rail Infrastructure Limited,10 digit numbers,,
5555 86,Allocated,Network Rail Infrastructure Limited,10 digit numbers,13/01/2005,
5555 87,Reserved,Network Rail Infrastructure Limited,10 digit numbers,,
5555 88,Allocated,Network Rail Infrastructure Limited,10 digit numbers,13/01/2005,
5555 89,Allocated,Network Rail Infrastructure Limited,10 digit numbers,13/01/2005,
5555 90,Reserved,Network Rail Infrastructure Limited,10 digit numbers,,
5555 91,Reserved,Network Rail Infrastructure Limited,10 digit numbers,,
5555 92,Reserved,Network Rail Infrastructure Limited,10 digit numbers,,
5555 93,Allocated,Network Rail Infrastructure Limited,10 digit numbers,13/01/2005,
5555 94,Reserved,Network Rail Infrastructure Limited,10 digit numbers,,
5555 95,Reserved,Network Rail Infrastructure Limited,10 digit numbers,,
5555 96,Reserved,Network Rail Infrastructure Limited,10 digit numbers,,
5555 97,Reserved,Network Rail Infrastructure Limited,10 digit numbers,,
5555 98,Reserved,Network Rail Infrastructure Limited,10 digit numbers,,
5555 99,Reserved,Network Rail Infrastructure Limited,10 digit numbers,,
5588 00,Protected,,10 digit numbers,,
5588 01,Protected,,10 digit numbers,,
5588 02,Protected,,10 digit numbers,,
5588 03,Protected,,10 digit numbers,,
5588 04,Protected,,10 digit numbers,,
5588 05,Protected,,10 digit numbers,,
5588 06,Protected,,10 digit numbers,,
5588 07,Protected,,10 digit numbers,,
5588 08,Protected,,10 digit numbers,,
5588 09,Protected,,10 digit numbers,,
5588 10,Protected,,10 digit numbers,,
5588 11,Protected,,10 digit numbers,,
5588 12,Protected,,10 digit numbers,,
5588 13,Protected,,10 digit numbers,,
5588 14,Protected,,10 digit numbers,,
5588 15,Protected,,10 digit numbers,,
5588 16,Protected,,10 digit numbers,,
5588 17,Protected,,10 digit numbers,,
5588 18,Protected,,10 digit numbers,,
5588 19,Protected,,10 digit numbers,,
5588 20,Protected,,10 digit numbers,,
5588 21,Protected,,10 digit numbers,,
5588 22,Protected,,10 digit numbers,,
5588 23,Protected,,10 digit numbers,,
5588 24,Protected,,10 digit numbers,,
5588 25,Protected,,10 digit numbers,,
5588 26,Protected,,10 digit numbers,,
5588 27,Protected,,10 digit numbers,,
5588 28,Protected,,10 digit numbers,,
5588 29,Protected,,10 digit numbers,,
5588 30,Allocated,Hutchison 3G UK Ltd,10 digit numbers,17/06/2002,
5588 31,Allocated,Hutchison 3G UK Ltd,10 digit numbers,17/06/2002,
5588 32,Allocated,Hutchison 3G UK Ltd,10 digit numbers,17/06/2002,
5588 33,Allocated,Hutchison 3G UK Ltd,10 digit numbers,17/06/2002,
5588 34,Allocated,Hutchison 3G UK Ltd,10 digit numbers,17/06/2002,
5588 35,Allocated,Hutchison 3G UK Ltd,10 digit numbers,17/06/2002,
5588 36,Allocated,Hutchison 3G UK Ltd,10 digit numbers,17/06/2002,
5588 37,Allocated,Hutchison 3G UK Ltd,10 digit numbers,17/06/2002,
5588 38,Allocated,Hutchison 3G UK Ltd,10 digit numbers,17/06/2002,
5588 39,Allocated,Hutchison 3G UK Ltd,10 digit numbers,17/06/2002,
5588 40,Protected,,10 digit numbers,,
5588 41,Protected,,10 digit numbers,,
5588 42,Protected,,10 digit numbers,,
5588 43,Protected,,10 digit numbers,,
5588 44,Protected,,10 digit numbers,,
5588 45,Protected,,10 digit numbers,,
5588 46,Protected,,10 digit numbers,,
5588 47,Protected,,10 digit numbers,,
5588 48,Protected,,10 digit numbers,,
5588 49,Protected,,10 digit numbers,,
5588 50,Protected,,10 digit numbers,,
5588 51,Protected,,10 digit numbers,,
5588 52,Protected,,10 digit numbers,,
5588 53,Protected,,10 digit numbers,,
5588 54,Protected,,10 digit numbers,,
5588 55,Protected,,10 digit numbers,,
5588 56,Protected,,10 digit numbers,,
5588 57,Protected,,10 digit numbers,,
5588 58,Protected,,10 digit numbers,,
5588 59,Protected,,10 digit numbers,,
5588 60,Protected,,10 digit numbers,,
5588 61,Protected,,10 digit numbers,,
5588 62,Protected,,10 digit numbers,,
5588 63,Protected,,10 digit numbers,,
5588 64,Protected,,10 digit numbers,,
5588 65,Protected,,10 digit numbers,,
5588 66,Allocated,Business Broadcast Communications Limited,10 digit numbers,10/11/2009,
5588 67,Protected,,10 digit numbers,,
5588 68,Protected,,10 digit numbers,,
5588 69,Protected,,10 digit numbers,,
5588 70,Free,,10 digit numbers,,
5588 71,Free,,10 digit numbers,,
5588 72,Free,,10 digit numbers,,
5588 73,Free,,10 digit numbers,,
5588 74,Free,,10 digit numbers,,
5588 75,Free,,10 digit numbers,,
5588 76,Free,,10 digit numbers,,
5588 77,Allocated,Voicetec Systems Ltd,10 digit numbers,13/09/2011,
5588 78,Free,,10 digit numbers,,
5588 79,Free,,10 digit numbers,,
5588 80,Allocated,FleXtel Limited,10 digit numbers,25/10/2004,
5588 81,Protected,,10 digit numbers,,
5588 82,Protected,,10 digit numbers,,
5588 83,Protected,,10 digit numbers,,
5588 84,Protected,,10 digit numbers,,
5588 85,Protected,,10 digit numbers,,
5588 86,Protected,,10 digit numbers,,
5588 87,Protected,,10 digit numbers,,
5588 88,Allocated,Dynamic Mobile Billing Limited,10 digit numbers,10/11/2009,
5588 89,Protected,,10 digit numbers,,
5588 90,Protected,,10 digit numbers,,
5588 91,Protected,,10 digit numbers,,
5588 92,Protected,,10 digit numbers,,
5588 93,Protected,,10 digit numbers,,
5588 94,Protected,,10 digit numbers,,
5588 95,Protected,,10 digit numbers,,
5588 96,Protected,,10 digit numbers,,
5588 97,Protected,,10 digit numbers,,
5588 98,Protected,,10 digit numbers,,
5588 99,Protected,,10 digit numbers,,
5600 00,Allocated,Magrathea Telecommunications Limited,10 digit numbers,27/09/2004,
5600 01,Allocated,Magrathea Telecommunications Limited,10 digit numbers,27/09/2004,
5600 02,Allocated,Magrathea Telecommunications Limited,10 digit numbers,27/09/2004,
5600 03,Allocated,Magrathea Telecommunications Limited,10 digit numbers,27/09/2004,
5600 04,Allocated,Magrathea Telecommunications Limited,10 digit numbers,27/09/2004,
5600 05,Allocated,Group 3 Technology Limited,10 digit numbers,13/07/2011,
5600 06,Allocated,Barritel Limited,10 digit numbers,08/10/2004,
5600 07,Protected,,10 digit numbers,,
5600 08,Allocated,Numbers Plus Ltd,10 digit numbers,28/07/2011,
5600 09,Protected,,10 digit numbers,,
5600 10,Allocated,Gamma Telecom Holdings Limited,10 digit numbers,25/03/2014,
5600 11,Allocated,FleXtel Limited,10 digit numbers,27/09/2004,
5600 12,Protected,,10 digit numbers,,
5600 13,Protected,,10 digit numbers,,
5600 14,Protected,,10 digit numbers,,
5600 15,Allocated,BT,10 digit numbers,14/08/2007,
5600 16,Allocated,Icron Network Limited,10 digit numbers,07/08/2006,
5600 17,Protected,,10 digit numbers,,
5600 18,Protected,,10 digit numbers,,
5600 19,Allocated,BT,10 digit numbers,14/08/2007,
5600 20,Allocated,Mobiweb Telecom Limited,10 digit numbers,09/03/2015,
5600 21,Protected,,10 digit numbers,,
5600 22,Allocated,FleXtel Limited,10 digit numbers,27/09/2004,
5600 23,Allocated,Magrathea Telecommunications Limited,10 digit numbers,22/02/2017,
5600 24,Allocated,24 Seven Communications Limited,10 digit numbers,10/06/2008,
5600 25,Allocated,BT,10 digit numbers,05/07/2007,
5600 26,Protected,,10 digit numbers,,
5600 27,Allocated,BT,10 digit numbers,05/07/2007,
5600 28,Allocated,BT,10 digit numbers,05/07/2007,
5600 29,Protected,,10 digit numbers,,
5600 30,Allocated,Nexus Telecommunications Limited,10 digit numbers,18/07/2005,
5600 31,Protected,,10 digit numbers,,
5600 32,Protected,,10 digit numbers,,
5600 33,Allocated,FleXtel Limited,10 digit numbers,27/09/2004,
5600 34,Allocated,BT,10 digit numbers,05/07/2007,
5600 35,Allocated,Nationwide Telephone Assistance Ltd,10 digit numbers,02/09/2005,
5600 36,Allocated,Square Systems Limited,10 digit numbers,07/09/2006,
5600 37,Allocated,BT,10 digit numbers,05/07/2007,
5600 38,Allocated,Vodafone Ltd (C&W),10 digit numbers,10/10/2013,
5600 39,Quarantined,,10 digit numbers,,
5600 40,Protected,,10 digit numbers,,
5600 41,Protected,,10 digit numbers,,
5600 42,Protected,,10 digit numbers,,
5600 43,Allocated,BT,10 digit numbers,25/10/2004,
5600 44,Protected,,10 digit numbers,,
5600 45,Allocated,Vodafone Ltd (C&W),10 digit numbers,10/10/2013,
5600 46,Allocated,BT,10 digit numbers,25/10/2004,
5600 47,Allocated,BT,10 digit numbers,25/10/2004,
5600 48,Allocated,BT,10 digit numbers,25/10/2004,
5600 49,Allocated,BT,10 digit numbers,25/10/2004,
5600 50,Allocated,Atomstream Limited,10 digit numbers,01/04/2011,
5600 51,Allocated,Suretec Systems Ltd,10 digit numbers,29/04/2010,
5600 52,Protected,,10 digit numbers,,
5600 53,Allocated,BT,10 digit numbers,05/07/2007,
5600 54,Protected,,10 digit numbers,,
5600 55,Allocated,Lanonyx Telecom Limited,10 digit numbers,13/04/2015,
5600 56,Allocated,Invade International Ltd,10 digit numbers,13/01/2016,
5600 57,Allocated,Colt Technology Services,10 digit numbers,07/10/2004,
5600 58,Allocated,BT,10 digit numbers,05/07/2007,
5600 59,Free,,10 digit numbers,,
5600 60,Allocated,Citrus Telecommunications Ltd,10 digit numbers,26/11/2010,
5600 61,Allocated,MANX TELECOM TRADING LIMITED,10 digit numbers,08/02/2017,
5600 62,Allocated,DRD Communications Limited,10 digit numbers,12/10/2004,
5600 63,Protected,,10 digit numbers,,
5600 64,Protected,,10 digit numbers,,
5600 65,Allocated,Magrathea Telecommunications Limited,10 digit numbers,27/09/2004,
5600 66,Allocated,Barritel Limited,10 digit numbers,08/10/2004,
5600 67,Allocated,Pulsant (Scotland) Limited,10 digit numbers,17/02/2009,
5600 68,Allocated,BT,10 digit numbers,05/07/2007,
5600 69,Protected,,10 digit numbers,,
5600 70,Allocated,BT,10 digit numbers,08/10/2004,
5600 71,Allocated,BT,10 digit numbers,28/07/2005,
5600 72,Allocated,BT,10 digit numbers,28/07/2005,
5600 73,Allocated,BT,10 digit numbers,28/07/2005,
5600 74,Allocated,BT,10 digit numbers,28/07/2005,
5600 75,Allocated,BT,10 digit numbers,28/07/2005,
5600 76,Allocated,BT,10 digit numbers,28/07/2005,
5600 77,Allocated,FleXtel Limited,10 digit numbers,28/09/2004,
5600 78,Allocated,FleXtel Limited,10 digit numbers,28/09/2004,
5600 79,Allocated,BT,10 digit numbers,05/07/2007,
5600 80,Allocated,BT,10 digit numbers,08/10/2004,
5600 81,Allocated,MANX TELECOM TRADING LIMITED,10 digit numbers,08/02/2017,
5600 82,Allocated,MANX TELECOM TRADING LIMITED,10 digit numbers,08/02/2017,
5600 83,Allocated,BT,10 digit numbers,05/07/2007,
5600 84,Allocated,42 Telecom UK Limited,10 digit numbers,11/07/2011,
5600 85,Allocated,BT,10 digit numbers,14/08/2007,
5600 86,Allocated,Icron Network Limited,10 digit numbers,07/08/2006,
5600 87,Allocated,BT,10 digit numbers,14/08/2007,
5600 88,Allocated,Callmonitor Limited,10 digit numbers,27/09/2004,
5600 89,Allocated,BT,10 digit numbers,14/08/2007,
5600 90,Allocated,AQL Wholesale Ltd,10 digit numbers,20/10/2004,
5600 91,Allocated,AQL Wholesale Ltd,10 digit numbers,20/10/2004,
5600 92,Allocated,BT,10 digit numbers,14/08/2007,
5600 93,Allocated,BT,10 digit numbers,14/08/2007,
5600 94,Allocated,BT,10 digit numbers,14/08/2007,
5600 95,Allocated,TalkTalk Communications Limited,10 digit numbers,07/02/2005,
5600 96,Protected,,10 digit numbers,,
5600 97,Protected,,10 digit numbers,,
5600 98,Allocated,BT,10 digit numbers,14/08/2007,
5600 99,Allocated,Gamma Telecom Holdings Limited,10 digit numbers,15/12/2004,
5601 00,Protected,,10 digit numbers,,
5601 01,Allocated,Six Degrees Technology Group Limited,10 digit numbers,02/04/2020,
5601 02,Allocated,Sala Trading Ltd,10 digit numbers,28/02/2006,
5601 03,Allocated,Magrathea Telecommunications Limited,10 digit numbers,26/01/2007,
5601 04,Allocated,Magrathea Telecommunications Limited,10 digit numbers,26/01/2007,
5601 05,Allocated,Magrathea Telecommunications Limited,10 digit numbers,26/01/2007,
5601 06,Allocated,Magrathea Telecommunications Limited,10 digit numbers,26/01/2007,
5601 07,Allocated,BT,10 digit numbers,14/08/2007,
5601 08,Allocated,(AQ) LIMITED,10 digit numbers,04/10/2012,
5601 09,Allocated,Orange Business Holdings UK Limited,10 digit numbers,27/12/2012,
5601 10,Protected,,10 digit numbers,,
5601 11,Allocated,Andrews & Arnold Ltd,10 digit numbers,10/10/2006,
5601 12,Allocated,BT,10 digit numbers,29/11/2006,
5601 13,Allocated,BT,10 digit numbers,29/11/2006,
5601 14,Allocated,BT,10 digit numbers,29/11/2006,
5601 15,Allocated,BT,10 digit numbers,10/11/2005,
5601 16,Allocated,BT,10 digit numbers,10/11/2005,
5601 17,Allocated,BT,10 digit numbers,10/11/2005,
5601 18,Allocated,BT,10 digit numbers,10/11/2005,
5601 19,Allocated,BT,10 digit numbers,10/11/2005,
5601 20,Allocated,I.T Communications Limited,10 digit numbers,23/05/2016,
5601 21,Allocated,Magrathea Telecommunications Limited,10 digit numbers,11/02/2022,
5601 22,Free,,10 digit numbers,,
5601 23,Free,,10 digit numbers,,
5601 24,Free,,10 digit numbers,,
5601 25,Allocated,BT,10 digit numbers,29/11/2006,
5601 26,Allocated,BT,10 digit numbers,29/11/2006,
5601 27,Allocated,BT,10 digit numbers,29/11/2006,
5601 28,Allocated,Vodafone Ltd (C&W),10 digit numbers,01/11/2024,
5601 29,Allocated,BT,10 digit numbers,29/11/2006,
5601 30,Allocated,BT,10 digit numbers,29/12/2005,
5601 31,Allocated,BT,10 digit numbers,29/12/2005,
5601 32,Allocated,BT,10 digit numbers,29/12/2005,
5601 33,Allocated,BT,10 digit numbers,29/12/2005,
5601 34,Allocated,BT,10 digit numbers,29/12/2005,
5601 35,Allocated,BT,10 digit numbers,29/12/2005,
5601 36,Allocated,BT,10 digit numbers,29/12/2005,
5601 37,Allocated,BT,10 digit numbers,29/12/2005,
5601 38,Allocated,BT,10 digit numbers,29/12/2005,
5601 39,Allocated,BT,10 digit numbers,29/12/2005,
5601 40,Allocated,BT,10 digit numbers,29/12/2005,
5601 41,Allocated,BT,10 digit numbers,29/12/2005,
5601 42,Allocated,BT,10 digit numbers,29/12/2005,
5601 43,Allocated,BT,10 digit numbers,29/12/2005,
5601 44,Allocated,BT,10 digit numbers,29/12/2005,
5601 45,Allocated,BT,10 digit numbers,29/12/2005,
5601 46,Allocated,BT,10 digit numbers,29/12/2005,
5601 47,Allocated,BT,10 digit numbers,29/12/2005,
5601 48,Allocated,BT,10 digit numbers,29/12/2005,
5601 49,Allocated,BT,10 digit numbers,29/12/2005,
5601 50,Allocated,BT,10 digit numbers,29/11/2006,
5601 51,Free,,10 digit numbers,,
5601 52,Allocated,BT,10 digit numbers,29/11/2006,
5601 53,Allocated,BT,10 digit numbers,29/11/2006,
5601 54,Allocated,BT,10 digit numbers,29/11/2006,
5601 55,Allocated,GCI Network Solutions Limited,10 digit numbers,22/12/2023,
5601 56,Allocated,Connect Telecom UK Limited,10 digit numbers,17/01/2005,
5601 57,Allocated,BT,10 digit numbers,29/11/2006,
5601 58,Allocated,BT,10 digit numbers,29/11/2006,
5601 59,Allocated,BT,10 digit numbers,29/11/2006,
5601 60,Allocated,BT,10 digit numbers,29/11/2006,
5601 61,Allocated,BT,10 digit numbers,29/11/2006,
5601 62,Allocated,BT,10 digit numbers,29/11/2006,
5601 63,Allocated,BT,10 digit numbers,29/11/2006,
5601 64,Allocated,BT,10 digit numbers,29/11/2006,
5601 65,Allocated,BT,10 digit numbers,29/11/2006,
5601 66,Protected,,10 digit numbers,,
5601 67,Allocated,BT,10 digit numbers,29/11/2006,
5601 68,Allocated,BT,10 digit numbers,29/11/2006,
5601 69,Allocated,BT,10 digit numbers,29/11/2006,
5601 70,Allocated,BT,10 digit numbers,29/11/2006,
5601 71,Allocated,BT,10 digit numbers,29/11/2006,
5601 72,Allocated,BT,10 digit numbers,29/11/2006,
5601 73,Allocated,BT,10 digit numbers,29/11/2006,
5601 74,Allocated,BT,10 digit numbers,29/11/2006,
5601 75,Allocated,BT,10 digit numbers,29/11/2006,
5601 76,Allocated,BT,10 digit numbers,29/11/2006,
5601 77,Protected,,10 digit numbers,,
5601 78,Allocated,BT,10 digit numbers,29/11/2006,
5601 79,Allocated,BT,10 digit numbers,29/11/2006,
5601 80,Protected,,10 digit numbers,,
5601 81,Protected,,10 digit numbers,,
5601 82,Allocated,BT,10 digit numbers,29/11/2006,
5601 83,Protected,,10 digit numbers,,
5601 84,Protected,,10 digit numbers,,
5601 85,Allocated,BT,10 digit numbers,29/11/2006,
5601 86,Allocated,BT,10 digit numbers,29/11/2006,
5601 87,Allocated,BT,10 digit numbers,29/11/2006,
5601 88,Allocated,BT,10 digit numbers,29/11/2006,
5601 89,Allocated,BT,10 digit numbers,29/11/2006,
5601 90,Allocated,The Excell Group Limited,10 digit numbers,27/09/2006,
5601 91,Allocated,BT,10 digit numbers,29/11/2006,
5601 92,Allocated,BT,10 digit numbers,29/11/2006,
5601 93,Allocated,BT,10 digit numbers,29/11/2006,
5601 94,Allocated,BT,10 digit numbers,29/11/2006,
5601 95,Allocated,BT,10 digit numbers,29/11/2006,
5601 96,Allocated,BT,10 digit numbers,29/11/2006,
5601 97,Allocated,BT,10 digit numbers,29/11/2006,
5601 98,Allocated,BT,10 digit numbers,29/11/2006,
5601 99,Allocated,BT,10 digit numbers,29/11/2006,
5602 00,Allocated,TGL Services (UK) Ltd,10 digit numbers,10/02/2015,
5602 01,Protected,,10 digit numbers,,
5602 02,Quarantined,,10 digit numbers,,
5602 03,Allocated,(AQ) LIMITED,10 digit numbers,04/10/2012,
5602 04,Allocated,BT,10 digit numbers,04/10/2007,
5602 05,Allocated,BT,10 digit numbers,04/10/2007,
5602 06,Allocated,Voiceflex Limited,10 digit numbers,20/09/2007,
5602 07,Allocated,Served Up Limited,10 digit numbers,03/06/2008,
5602 08,Allocated,Served Up Limited,10 digit numbers,03/06/2008,
5602 09,Allocated,BT,10 digit numbers,04/10/2007,
5602 10,Allocated,Commi Holdings Limited,10 digit numbers,16/11/2016,
5602 11,Protected,,10 digit numbers,,
5602 12,Allocated,BT,10 digit numbers,29/11/2006,
5602 13,Allocated,BT,10 digit numbers,29/11/2006,
5602 14,Allocated,BT,10 digit numbers,29/11/2006,
5602 15,Allocated,BT,10 digit numbers,19/05/2006,
5602 16,Allocated,BT,10 digit numbers,19/05/2006,
5602 17,Allocated,BT,10 digit numbers,19/05/2006,
5602 18,Allocated,BT,10 digit numbers,19/05/2006,
5602 19,Allocated,BT,10 digit numbers,19/05/2006,
5602 20,Free,,10 digit numbers,,
5602 21,Free,,10 digit numbers,,
5602 22,Allocated,C2C Limited,10 digit numbers,15/02/2005,
5602 23,Allocated,BT,10 digit numbers,19/05/2006,
5602 24,Allocated,BT,10 digit numbers,19/05/2006,
5602 25,Allocated,BT,10 digit numbers,19/05/2006,
5602 26,Allocated,BT,10 digit numbers,19/05/2006,
5602 27,Allocated,BT,10 digit numbers,19/05/2006,
5602 28,Allocated,BT,10 digit numbers,19/05/2006,
5602 29,Allocated,BT,10 digit numbers,19/05/2006,
5602 30,Allocated,BT,10 digit numbers,19/05/2006,
5602 31,Allocated,BT,10 digit numbers,19/05/2006,
5602 32,Allocated,Caladan Communications Limited,10 digit numbers,15/04/2005,
5602 33,Allocated,Reality Network Services Limited,10 digit numbers,01/03/2005,
5602 34,Allocated,BT,10 digit numbers,19/05/2006,
5602 35,Allocated,BT,10 digit numbers,19/05/2006,
5602 36,Allocated,BT,10 digit numbers,19/05/2006,
5602 37,Allocated,BT,10 digit numbers,19/05/2006,
5602 38,Allocated,BT,10 digit numbers,19/05/2006,
5602 39,Allocated,BT,10 digit numbers,19/05/2006,
5602 40,Allocated,BT,10 digit numbers,19/05/2006,
5602 41,Allocated,BT,10 digit numbers,19/05/2006,
5602 42,Allocated,BT,10 digit numbers,19/05/2006,
5602 43,Allocated,BT,10 digit numbers,19/05/2006,
5602 44,Allocated,BT,10 digit numbers,19/05/2006,
5602 45,Allocated,BT,10 digit numbers,19/05/2006,
5602 46,Allocated,BT,10 digit numbers,19/05/2006,
5602 47,Allocated,BT,10 digit numbers,19/05/2006,
5602 48,Allocated,BT,10 digit numbers,19/05/2006,
5602 49,Allocated,BT,10 digit numbers,19/05/2006,
5602 50,Protected,,10 digit numbers,,
5602 51,Allocated,BT,10 digit numbers,19/05/2006,
5602 52,Allocated,BT,10 digit numbers,19/05/2006,
5602 53,Allocated,BT,10 digit numbers,19/05/2006,
5602 54,Allocated,BT,10 digit numbers,19/05/2006,
5602 55,Allocated,BT,10 digit numbers,19/05/2006,
5602 56,Allocated,BT,10 digit numbers,19/05/2006,
5602 57,Allocated,BT,10 digit numbers,19/05/2006,
5602 58,Allocated,BT,10 digit numbers,19/05/2006,
5602 59,Allocated,BT,10 digit numbers,19/05/2006,
5602 60,Allocated,BT,10 digit numbers,19/05/2006,
5602 61,Allocated,BT,10 digit numbers,19/05/2006,
5602 62,Allocated,BT,10 digit numbers,19/05/2006,
5602 63,Allocated,BT,10 digit numbers,19/05/2006,
5602 64,Allocated,BT,10 digit numbers,19/05/2006,
5602 65,Allocated,BT,10 digit numbers,19/05/2006,
5602 66,Allocated,BT,10 digit numbers,19/05/2006,
5602 67,Allocated,BT,10 digit numbers,19/05/2006,
5602 68,Allocated,BT,10 digit numbers,19/05/2006,
5602 69,Allocated,BT,10 digit numbers,19/05/2006,
5602 70,Allocated,BT,10 digit numbers,19/05/2006,
5602 71,Allocated,BT,10 digit numbers,19/05/2006,
5602 72,Allocated,BT,10 digit numbers,19/05/2006,
5602 73,Allocated,BT,10 digit numbers,19/05/2006,
5602 74,Allocated,BT,10 digit numbers,19/05/2006,
5602 75,Allocated,BT,10 digit numbers,19/05/2006,
5602 76,Allocated,BT,10 digit numbers,19/05/2006,
5602 77,Allocated,BT,10 digit numbers,19/05/2006,
5602 78,Allocated,BT,10 digit numbers,19/05/2006,
5602 79,Allocated,BT,10 digit numbers,19/05/2006,
5602 80,Allocated,BT,10 digit numbers,19/05/2006,
5602 81,Allocated,BT,10 digit numbers,19/05/2006,
5602 82,Allocated,BT,10 digit numbers,19/05/2006,
5602 83,Allocated,BT,10 digit numbers,19/05/2006,
5602 84,Allocated,BT,10 digit numbers,19/05/2006,
5602 85,Allocated,BT,10 digit numbers,19/05/2006,
5602 86,Allocated,BT,10 digit numbers,19/05/2006,
5602 87,Allocated,BT,10 digit numbers,19/05/2006,
5602 88,Allocated,Connect Telecom UK Limited,10 digit numbers,27/01/2006,
5602 89,Allocated,BT,10 digit numbers,19/05/2006,
5602 90,Allocated,BT,10 digit numbers,19/05/2006,
5602 91,Allocated,BT,10 digit numbers,19/05/2006,
5602 92,Allocated,BT,10 digit numbers,19/05/2006,
5602 93,Allocated,BT,10 digit numbers,19/05/2006,
5602 94,Allocated,BT,10 digit numbers,19/05/2006,
5602 95,Allocated,BT,10 digit numbers,19/05/2006,
5602 96,Allocated,BT,10 digit numbers,19/05/2006,
5602 97,Allocated,BT,10 digit numbers,19/05/2006,
5602 98,Allocated,BT,10 digit numbers,19/05/2006,
5602 99,Allocated,BT,10 digit numbers,19/05/2006,
5603 00,Allocated,Magrathea Telecommunications Limited,10 digit numbers,08/11/2007,
5603 01,Allocated,Magrathea Telecommunications Limited,10 digit numbers,08/11/2007,
5603 02,Allocated,Magrathea Telecommunications Limited,10 digit numbers,08/11/2007,
5603 03,Allocated,Orange Business Holdings UK Limited,10 digit numbers,27/12/2012,
5603 04,Protected,,10 digit numbers,,
5603 05,Allocated,Magrathea Telecommunications Limited,10 digit numbers,15/01/2009,
5603 06,Allocated,Magrathea Telecommunications Limited,10 digit numbers,15/01/2009,
5603 07,Allocated,Magrathea Telecommunications Limited,10 digit numbers,15/01/2009,
5603 08,Allocated,IPV6 Limited,10 digit numbers,22/01/2009,
5603 09,Allocated,Zen Internet Limited,10 digit numbers,24/11/2008,
5603 10,Allocated,BT,10 digit numbers,04/10/2007,
5603 11,Allocated,BT,10 digit numbers,24/04/2008,
5603 12,Allocated,BT,10 digit numbers,24/04/2008,
5603 13,Allocated,BT,10 digit numbers,04/10/2007,
5603 14,Allocated,BT,10 digit numbers,24/04/2008,
5603 15,Allocated,BT,10 digit numbers,24/04/2008,
5603 16,Allocated,BT,10 digit numbers,04/10/2007,
5603 17,Allocated,BT,10 digit numbers,04/10/2007,
5603 18,Allocated,BT,10 digit numbers,04/10/2007,
5603 19,Allocated,BT,10 digit numbers,04/10/2007,
5603 20,Allocated,BT,10 digit numbers,04/10/2007,
5603 21,Allocated,BT,10 digit numbers,04/10/2007,
5603 22,Allocated,BT,10 digit numbers,04/10/2007,
5603 23,Allocated,BT,10 digit numbers,04/10/2007,
5603 24,Allocated,BT,10 digit numbers,04/10/2007,
5603 25,Allocated,BT,10 digit numbers,04/10/2007,
5603 26,Allocated,BT,10 digit numbers,04/10/2007,
5603 27,Allocated,BT,10 digit numbers,04/10/2007,
5603 28,Allocated,BT,10 digit numbers,04/10/2007,
5603 29,Allocated,BT,10 digit numbers,04/10/2007,
5603 30,Allocated,BT,10 digit numbers,04/10/2007,
5603 31,Allocated,BT,10 digit numbers,04/10/2007,
5603 32,Allocated,BT,10 digit numbers,04/10/2007,
5603 33,Allocated,BT,10 digit numbers,04/10/2007,
5603 34,Allocated,BT,10 digit numbers,04/10/2007,
5603 35,Allocated,BT,10 digit numbers,04/10/2007,
5603 36,Allocated,Colt Technology Services,10 digit numbers,10/03/2008,
5603 37,Allocated,Colt Technology Services,10 digit numbers,10/03/2008,
5603 38,Allocated,Colt Technology Services,10 digit numbers,10/03/2008,
5603 39,Allocated,Colt Technology Services,10 digit numbers,10/03/2008,
5603 40,Allocated,Colt Technology Services,10 digit numbers,10/03/2008,
5603 41,Allocated,BT,10 digit numbers,24/04/2008,
5603 42,Allocated,BT,10 digit numbers,24/04/2008,
5603 43,Allocated,BT,10 digit numbers,24/04/2008,
5603 44,Allocated,BT,10 digit numbers,24/04/2008,
5603 45,Allocated,BT,10 digit numbers,24/04/2008,
5603 46,Allocated,BT,10 digit numbers,24/04/2008,
5603 47,Allocated,Magrathea Telecommunications Limited,10 digit numbers,23/08/2010,
5603 48,Allocated,BT,10 digit numbers,10/02/2011,
5603 49,Allocated,BT,10 digit numbers,10/02/2011,
5603 50,Allocated,Atlas Interactive Group Limited,10 digit numbers,16/07/2010,
5603 51,Allocated,BT,10 digit numbers,10/02/2011,
5603 52,Allocated,BT,10 digit numbers,10/02/2011,
5603 53,Protected,,10 digit numbers,,
5603 54,Allocated,BT,10 digit numbers,10/02/2011,
5603 55,Protected,,10 digit numbers,,
5603 56,Allocated,Digital Mail Limited,10 digit numbers,20/05/2008,
5603 57,Allocated,BT,10 digit numbers,24/08/2011,
5603 58,Allocated,BT,10 digit numbers,20/09/2011,
5603 59,Free,,10 digit numbers,,
5603 60,Allocated,Net-Work Internet Ltd,10 digit numbers,15/10/2007,
5603 61,Allocated,Voicetec Systems Ltd,10 digit numbers,13/09/2011,
5603 62,Protected,,10 digit numbers,,
5603 63,Allocated,X-on Health Limited,10 digit numbers,19/11/2009,
5603 64,Allocated,Inet Telecoms Ltd (Voipfone),10 digit numbers,28/05/2013,
5603 65,Allocated,Exa Networks Limited,10 digit numbers,03/07/2008,
5603 66,Allocated,Inet Telecoms Ltd (Voipfone),10 digit numbers,14/08/2008,
5603 67,Allocated,Inet Telecoms Ltd (Voipfone),10 digit numbers,17/08/2010,
5603 68,Allocated,Inet Telecoms Ltd (Voipfone),10 digit numbers,05/03/2009,
5603 69,Allocated,Andrews & Arnold (Numbers) Ltd,10 digit numbers,20/05/2010,
5603 70,Allocated,Magrathea Telecommunications Limited,10 digit numbers,11/10/2011,
5603 71,Protected,,10 digit numbers,,
5603 72,Allocated,Magrathea Telecommunications Limited,10 digit numbers,10/01/2013,
5603 73,Allocated,Cloudcall Limited,10 digit numbers,16/06/2011,
5603 74,Protected,,10 digit numbers,,
5603 75,Allocated,Colt Technology Services,10 digit numbers,04/05/2016,
5603 76,Free,,10 digit numbers,,
5603 77,Protected,,10 digit numbers,,
5603 78,Free,,10 digit numbers,,
5603 79,Free,,10 digit numbers,,
5603 80,Protected,,10 digit numbers,,
5603 81,Free,,10 digit numbers,,
5603 82,Free,,10 digit numbers,,
5603 83,Protected,,10 digit numbers,,
5603 84,Allocated,Inet Telecoms Ltd (Voipfone),10 digit numbers,16/04/2014,
5603 85,Allocated,Inet Telecoms Ltd (Voipfone),10 digit numbers,26/01/2016,
5603 86,Allocated,Inet Telecoms Ltd (Voipfone),10 digit numbers,03/02/2017,
5603 87,Allocated,Inet Telecoms Ltd (Voipfone),10 digit numbers,24/07/2018,
5603 88,Allocated,Business Broadcast Communications Limited,10 digit numbers,16/10/2009,
5603 89,Allocated,Dynamic Mobile Billing Limited,10 digit numbers,10/11/2009,
5603 90,Protected,,10 digit numbers,,
5603 91,Free,,10 digit numbers,,
5603 92,Free,,10 digit numbers,,
5603 93,Allocated,Spacetel UK Ltd,10 digit numbers,29/09/2011,
5603 94,Allocated,Orange Business Holdings UK Limited,10 digit numbers,29/08/2013,
5603 95,Free,,10 digit numbers,,
5603 96,Free,,10 digit numbers,,
5603 97,Free,,10 digit numbers,,
5603 98,Free,,10 digit numbers,,
5603 99,Protected,,10 digit numbers,,
5604 00,Free,,10 digit numbers,,
5604 01,Free,,10 digit numbers,,
5604 02,Free,,10 digit numbers,,
5604 03,Free,,10 digit numbers,,
5604 04,Free,,10 digit numbers,,
5604 05,Free,,10 digit numbers,,
5604 06,Free,,10 digit numbers,,
5604 07,Free,,10 digit numbers,,
5604 08,Free,,10 digit numbers,,
5604 09,Free,,10 digit numbers,,
5604 10,Free,,10 digit numbers,,
5604 11,Allocated,Kalnet4U Ltd,10 digit numbers,30/04/2020,
5604 12,Free,,10 digit numbers,,
5604 13,Free,,10 digit numbers,,
5604 14,Free,,10 digit numbers,,
5604 15,Free,,10 digit numbers,,
5604 16,Free,,10 digit numbers,,
5604 17,Free,,10 digit numbers,,
5604 18,Free,,10 digit numbers,,
5604 19,Free,,10 digit numbers,,
5604 20,Free,,10 digit numbers,,
5604 21,Allocated,Magrathea Telecommunications Limited,10 digit numbers,14/09/2023,
5604 22,Allocated,Magrathea Telecommunications Limited,10 digit numbers,08/07/2024,
5604 23,Free,,10 digit numbers,,
5604 24,Allocated,THE COMMUNICATION GATEWAY LTD,10 digit numbers,11/01/2024,
5604 25,Free,,10 digit numbers,,
5604 26,Free,,10 digit numbers,,
5604 27,Free,,10 digit numbers,,
5604 28,Free,,10 digit numbers,,
5604 29,Free,,10 digit numbers,,
5604 30,Free,,10 digit numbers,,
5604 31,Free,,10 digit numbers,,
5604 32,Free,,10 digit numbers,,
5604 33,Free,,10 digit numbers,,
5604 34,Free,,10 digit numbers,,
5604 35,Free,,10 digit numbers,,
5604 36,Free,,10 digit numbers,,
5604 37,Free,,10 digit numbers,,
5604 38,Free,,10 digit numbers,,
5604 39,Free,,10 digit numbers,,
5604 40,Free,,10 digit numbers,,
5604 41,Free,,10 digit numbers,,
5604 42,Free,,10 digit numbers,,
5604 43,Free,,10 digit numbers,,
5604 44,Allocated,Inet Telecoms Ltd (Voipfone),10 digit numbers,11/03/2021,
5604 45,Free,,10 digit numbers,,
5604 46,Free,,10 digit numbers,,
5604 47,Free,,10 digit numbers,,
5604 48,Free,,10 digit numbers,,
5604 49,Free,,10 digit numbers,,
5604 50,Protected,,10 digit numbers,,
5604 51,Protected,,10 digit numbers,,
5604 52,Protected,,10 digit numbers,,
5604 53,Protected,,10 digit numbers,,
5604 54,Protected,,10 digit numbers,,
5604 55,Protected,,10 digit numbers,,
5604 56,Protected,,10 digit numbers,,
5604 57,Protected,,10 digit numbers,,
5604 58,Protected,,10 digit numbers,,
5604 59,Protected,,10 digit numbers,,
5604 60,Protected,,10 digit numbers,,
5604 61,Protected,,10 digit numbers,,
5604 62,Protected,,10 digit numbers,,
5604 63,Protected,,10 digit numbers,,
5604 64,Protected,,10 digit numbers,,
5604 65,Protected,,10 digit numbers,,
5604 66,Protected,,10 digit numbers,,
5604 67,Protected,,10 digit numbers,,
5604 68,Protected,,10 digit numbers,,
5604 69,Protected,,10 digit numbers,,
5604 70,Protected,,10 digit numbers,,
5604 71,Protected,,10 digit numbers,,
5604 72,Protected,,10 digit numbers,,
5604 73,Protected,,10 digit numbers,,
5604 74,Protected,,10 digit numbers,,
5604 75,Protected,,10 digit numbers,,
5604 76,Protected,,10 digit numbers,,
5604 77,Protected,,10 digit numbers,,
5604 78,Protected,,10 digit numbers,,
5604 79,Protected,,10 digit numbers,,
5604 80,Protected,,10 digit numbers,,
5604 81,Protected,,10 digit numbers,,
5604 82,Protected,,10 digit numbers,,
5604 83,Protected,,10 digit numbers,,
5604 84,Protected,,10 digit numbers,,
5604 85,Protected,,10 digit numbers,,
5604 86,Protected,,10 digit numbers,,
5604 87,Protected,,10 digit numbers,,
5604 88,Protected,,10 digit numbers,,
5604 89,Protected,,10 digit numbers,,
5604 90,Protected,,10 digit numbers,,
5604 91,Protected,,10 digit numbers,,
5604 92,Protected,,10 digit numbers,,
5604 93,Protected,,10 digit numbers,,
5604 94,Protected,,10 digit numbers,,
5604 95,Protected,,10 digit numbers,,
5604 96,Protected,,10 digit numbers,,
5604 97,Protected,,10 digit numbers,,
5604 98,Protected,,10 digit numbers,,
5604 99,Protected,,10 digit numbers,,
5605,Protected,,10 digit numbers,,
5606,Protected,,10 digit numbers,,
5607,Protected,,10 digit numbers,,
5608,Protected,,10 digit numbers,,
5609,Protected,,10 digit numbers,,
5610,Protected,,10 digit numbers,,
5611,Protected,,10 digit numbers,,
5612,Protected,,10 digit numbers,,
5613,Protected,,10 digit numbers,,
5614,Protected,,10 digit numbers,,
5615,Protected,,10 digit numbers,,
5616,Protected,,10 digit numbers,,
5617,Protected,,10 digit numbers,,
5618,Protected,,10 digit numbers,,
5619,Protected,,10 digit numbers,,
5620,Protected,,10 digit numbers,,
5621,Protected,,10 digit numbers,,
5622,Protected,,10 digit numbers,,
5623,Protected,,10 digit numbers,,
5624,Protected,,10 digit numbers,,
5625,Protected,,10 digit numbers,,
5626,Protected,,10 digit numbers,,
5627,Protected,,10 digit numbers,,
5628,Protected,,10 digit numbers,,
5629,Protected,,10 digit numbers,,
5630,Protected,,10 digit numbers,,
5631,Protected,,10 digit numbers,,
5632,Protected,,10 digit numbers,,
5633,Protected,,10 digit numbers,,
5634,Protected,,10 digit numbers,,
5635,Protected,,10 digit numbers,,
5636,Protected,,10 digit numbers,,
5637,Protected,,10 digit numbers,,
5638,Protected,,10 digit numbers,,
5639,Protected,,10 digit numbers,,
5640,Protected,,10 digit numbers,,
5641,Protected,,10 digit numbers,,
5642,Protected,,10 digit numbers,,
5643,Protected,,10 digit numbers,,
5644,Protected,,10 digit numbers,,
5645,Protected,,10 digit numbers,,
5646,Protected,,10 digit numbers,,
5647,Protected,,10 digit numbers,,
5648,Protected,,10 digit numbers,,
5649,Protected,,10 digit numbers,,
5650,Protected,,10 digit numbers,,
5651,Protected,,10 digit numbers,,
5652,Protected,,10 digit numbers,,
5653,Protected,,10 digit numbers,,
5654,Protected,,10 digit numbers,,
5655,Protected,,10 digit numbers,,
5656,Protected,,10 digit numbers,,
5657,Protected,,10 digit numbers,,
5658,Protected,,10 digit numbers,,
5659,Protected,,10 digit numbers,,
5660,Protected,,10 digit numbers,,
5661,Protected,,10 digit numbers,,
5662,Protected,,10 digit numbers,,
5663,Protected,,10 digit numbers,,
5664,Protected,,10 digit numbers,,
5665,Protected,,10 digit numbers,,
5666,Protected,,10 digit numbers,,
5667,Protected,,10 digit numbers,,
5668,Protected,,10 digit numbers,,
5669,Protected,,10 digit numbers,,
5670,Protected,,10 digit numbers,,
5671,Protected,,10 digit numbers,,
5672,Protected,,10 digit numbers,,
5673,Protected,,10 digit numbers,,
5674,Protected,,10 digit numbers,,
5675,Protected,,10 digit numbers,,
5676,Protected,,10 digit numbers,,
5677,Protected,,10 digit numbers,,
5678,Protected,,10 digit numbers,,
5679,Protected,,10 digit numbers,,
5680,Protected,,10 digit numbers,,
5681,Protected,,10 digit numbers,,
5682,Protected,,10 digit numbers,,
5683,Protected,,10 digit numbers,,
5684,Protected,,10 digit numbers,,
5685,Protected,,10 digit numbers,,
5686,Protected,,10 digit numbers,,
5687,Protected,,10 digit numbers,,
5688,Protected,,10 digit numbers,,
5689,Protected,,10 digit numbers,,
5690,Protected,,10 digit numbers,,
5691,Protected,,10 digit numbers,,
5692,Protected,,10 digit numbers,,
5693,Protected,,10 digit numbers,,
5694,Protected,,10 digit numbers,,
5695,Protected,,10 digit numbers,,
5696,Protected,,10 digit numbers,,
5697,Protected,,10 digit numbers,,
5698,Protected,,10 digit numbers,,
5699,Protected,,10 digit numbers,,
